episode,reward,length,crash_rate,difficulty,reward_smoothed,reward_std,length_smoothed
1,7.0454,126.0,1.0,0.0,7.0454,,126.0
2,4.9949,135.0,1.0,0.0,6.02015,1.4499224548230154,130.5
3,9.1541,138.0,1.0,0.0,7.064800000000001,2.0796678653092657,133.0
4,11.3979,157.0,1.0,0.0,8.148075,2.7526867824908807,139.0
5,9.5298,160.0,1.0,0.0,8.424420000000001,2.462680691238716,143.2
6,11.0362,161.0,1.0,0.0,8.859716666666666,2.44718942414899,146.16666666666666
7,14.5304,161.0,1.0,0.0,9.669814285714285,3.09587151942097,148.28571428571428
8,9.5197,162.0,1.0,0.0,9.65105,2.866711413548882,150.0
9,13.1487,163.0,1.0,0.0,10.039677777777777,2.924049244531365,151.44444444444446
10,12.5545,163.0,1.0,0.0,10.29116,2.8692315967868476,152.6
11,10.9017,174.0,1.0,0.0,10.67679,2.634031674259063,157.4
12,9.4725,174.0,1.0,0.0,11.12455,1.8136720273461187,161.3
13,12.6343,181.0,1.0,0.0,11.472570000000001,1.7253066928971081,165.6
14,17.5013,187.0,1.0,0.0,12.082910000000002,2.569154839609495,168.6
15,20.956,207.0,1.0,0.0,13.225530000000001,3.6295478772767886,173.3
16,17.4817,219.0,1.0,0.0,13.870080000000002,3.7672555636401643,179.1
17,16.757,222.0,1.0,0.0,14.092740000000001,3.8748826529041844,185.2
18,17.6294,262.0,1.0,0.0,14.90371,3.653780171411519,195.2
19,28.2988,268.0,1.0,0.0,16.41872,5.513083517879182,205.7
20,31.0903,273.0,1.0,0.0,18.272299999999998,6.988182756943641,216.7
21,30.7129,283.0,1.0,0.0,20.25342,7.458825523096783,227.6
22,8.2197,129.0,1.0,0.0,20.12814,7.667622649557032,223.1
23,29.412,292.0,1.0,0.0,21.80591,7.681255906346161,234.2
24,31.5788,294.0,1.0,0.0,23.21366,8.08412258527651,244.9
25,37.534,303.0,1.0,0.0,24.87146,9.193412148586495,254.5
26,17.9132,172.0,1.0,0.0,24.91461,9.155809646515277,249.8
27,40.4959,354.0,1.0,0.0,27.2885,9.856391679063442,263.0
28,11.0171,176.0,1.0,0.0,26.62727,10.75703442404602,254.4
29,39.139,359.0,1.0,0.0,27.711289999999998,11.46696941387644,263.5
30,20.9249,222.0,1.0,0.0,26.69475,11.584119075436375,258.4
31,18.3775,210.0,1.0,0.0,25.46121,11.764075454105557,251.1
32,25.3813,229.0,1.0,0.0,27.177370000000003,10.104047091696584,261.1
33,3.4366,108.0,1.0,0.0,24.579829999999998,12.516586138760038,242.7
34,3.5955,121.0,1.0,0.0,21.7815,13.836483070009756,225.4
35,42.4763,411.0,1.0,0.0,22.27573,14.532435872829057,236.2
36,30.5476,267.0,1.0,0.0,23.539170000000002,14.659674812753064,245.7
37,50.1706,425.0,1.0,0.0,24.506639999999997,16.14688473594829,252.8
38,49.5774,431.0,1.0,0.0,28.36267,17.141186993907716,278.3
39,52.0148,433.0,1.0,0.0,29.65025,18.47249597147367,285.7
40,58.053,436.0,1.0,0.0,33.363060000000004,20.176534392220194,307.1
41,14.8591,163.0,1.0,0.0,33.01122,20.495052178069166,302.4
42,27.6542,285.0,1.0,0.0,33.238510000000005,20.41347553474583,308.0
43,29.6164,293.0,1.0,0.0,35.85649,17.659802122551277,326.5
44,20.76,253.0,1.0,0.0,37.57294,14.77418178815102,339.7
45,23.857,249.0,1.0,0.0,35.71101,15.253066231377144,323.5
46,19.9622,210.0,1.0,0.0,34.65247,16.00022017001641,317.8
47,34.8684,320.0,1.0,0.0,33.122249999999994,15.05501741386129,307.3
48,31.0628,297.0,1.0,0.0,31.270789999999998,13.900728499890453,293.9
49,22.0018,229.0,1.0,0.0,28.269489999999998,12.039723526213825,273.5
50,8.3507,145.0,1.0,0.0,23.299259999999997,7.939096981283342,244.4
51,35.704,343.0,1.0,0.0,25.38375,8.20875979227205,262.4
52,9.2872,154.0,1.0,0.0,23.547050000000002,9.583915609817897,249.3
53,46.2483,397.0,1.0,0.0,25.21024,11.914093792759342,259.7
54,7.7523,131.0,1.0,0.0,23.90947,13.1045610600152,247.5
55,2.5135,90.0,1.0,0.0,21.775119999999998,14.748996067891087,231.6
56,9.1709,148.0,1.0,0.0,20.69599,15.28154454238838,225.4
57,13.695,213.0,1.0,0.0,18.578650000000003,14.548981642197507,214.7
58,8.2747,142.0,1.0,0.0,16.29984,14.155656253259492,199.2
59,17.2636,193.0,1.0,0.0,15.82602,14.022263516818931,195.6
60,16.2025,213.0,1.0,0.0,16.611200000000004,13.77482050288376,202.4
61,15.9207,181.0,1.0,0.0,14.63287,12.039356763460788,186.2
62,24.8166,209.0,1.0,0.0,16.185809999999996,12.272511940778696,191.7
63,66.6412,555.0,1.0,0.0,18.2251,18.1228431116337,207.5
64,21.8042,211.0,1.0,0.0,19.630290000000002,17.761762330132424,215.5
65,44.5517,397.0,1.0,0.0,23.83411,18.229076164221816,246.2
66,33.1221,278.0,1.0,0.0,26.22923,17.65277438944246,259.2
67,39.2199,291.0,1.0,0.0,28.78172,17.48358762495717,267.0
68,62.1802,484.0,1.0,0.0,34.172270000000005,18.724383479424777,301.2
69,44.113,357.0,1.0,0.0,36.85721,17.93893590888886,317.6
70,25.6553,273.0,1.0,0.0,37.80249,16.95149614363483,323.6
71,9.7277,131.0,1.0,0.0,37.18319,17.92491986223834,318.6
72,13.77,165.0,1.0,0.0,36.07853,19.075193166929306,314.2
73,43.3883,357.0,1.0,0.0,33.75324,16.124698630375836,294.4
74,23.0802,273.0,1.0,0.0,33.88084,16.024372276157614,300.6
75,64.1071,509.0,1.0,0.0,35.83638,18.476840564266748,311.8
76,52.2153,438.0,1.0,0.0,37.7457,19.13980555735437,327.8
77,34.3142,287.0,1.0,0.0,37.255129999999994,19.160679494796973,327.4
78,14.9728,206.0,1.0,0.0,32.534389999999995,18.12479579216457,299.6
79,38.6862,339.0,1.0,0.0,31.99171,17.81824764887264,297.8
80,19.9242,202.0,1.0,0.0,31.418599999999998,18.134067689419386,290.7
81,31.5886,268.0,1.0,0.0,33.60469,16.469984689289916,304.4
82,25.7985,244.0,1.0,0.0,34.80754,15.25485989842071,312.3
83,58.6395,498.0,1.0,0.0,36.33266,16.88348871203263,326.4
84,65.0849,547.0,1.0,0.0,40.53313,18.379015348310812,353.8
85,144.0131,1000.0,0.0,0.0,48.52373,37.34816534628501,402.9
86,38.813,336.0,1.0,0.0,47.183499999999995,37.441328199583,392.7
87,62.4199,555.0,1.0,0.0,49.99407,37.42282945737357,419.5
88,29.3272,268.0,1.0,0.0,51.42951000000001,36.185077901454534,425.7
89,93.5038,689.0,1.0,0.0,56.91127,38.139503823144665,460.7
90,35.4924,329.0,1.0,0.0,58.468090000000004,36.75456664997789,473.4
91,21.203,209.0,1.0,0.0,57.42953,37.732210536830024,467.5
92,18.8588,205.0,1.0,0.0,56.73556,38.435863776518815,463.6
93,40.3541,364.0,1.0,0.0,54.90702,38.76873350339592,450.2
94,101.4457,783.0,1.0,0.0,58.5431,41.44230392874197,473.8
95,59.4695,472.0,1.0,0.0,50.08874,28.748248799156823,421.0
96,50.3793,400.0,1.0,0.0,51.24537,28.475565479042235,427.4
97,92.3875,666.0,1.0,0.0,54.242129999999996,31.226270100315997,438.5
98,11.1728,172.0,1.0,0.0,52.426689999999994,33.29493575974347,428.9
99,44.5321,356.0,1.0,0.0,47.529520000000005,30.022487072999866,395.6
100,15.9835,182.0,1.0,0.0,45.57863,31.489587295663654,380.9
101,26.3285,261.0,1.0,0.0,46.09118,31.087897010029835,386.1
102,10.2763,154.0,1.0,0.0,45.232929999999996,32.02751116510963,381.0
103,15.2385,166.0,1.0,0.0,42.72137,33.407645092105945,361.2
104,9.0312,132.0,1.0,0.0,33.47992000000001,27.642707286322963,296.1
105,128.9009,906.0,1.0,0.0,40.42306,40.58558394860585,339.5
106,9.1314,161.0,1.0,0.0,36.29827,41.545970476116366,315.6
107,93.8872,664.0,1.0,0.0,36.448240000000006,41.773020521974864,315.4
108,10.486,152.0,1.0,0.0,36.379560000000005,41.81973226568742,313.4
109,17.8513,186.0,1.0,0.0,33.71148,42.092036805969734,296.4
110,43.5413,353.0,1.0,0.0,36.46726,41.702726948598134,313.5
111,49.8725,379.0,1.0,0.0,38.82166,41.73132440061462,325.3
112,59.7912,489.0,1.0,0.0,43.77315,40.89721862879757,358.8
113,80.34,595.0,1.0,0.0,50.283300000000004,41.03160050798246,401.7
114,83.9195,544.0,1.0,0.0,57.772130000000004,39.470330081328186,442.9
115,14.8712,157.0,1.0,0.0,46.36916000000001,32.492859447207785,368.0
116,136.9107,933.0,1.0,0.0,59.147090000000006,40.387619088044794,445.2
117,17.7964,190.0,1.0,0.0,51.53801,40.282973128452994,397.8
118,31.3421,277.0,1.0,0.0,53.623619999999995,38.41812489145079,410.3
119,5.8073,117.0,1.0,0.0,52.419219999999996,39.82713573562628,403.4
120,10.8492,142.0,1.0,0.0,49.150009999999995,41.92344667124299,382.3
121,74.9918,543.0,1.0,0.0,51.661939999999994,42.71658098902059,398.7
122,32.1705,299.0,1.0,0.0,48.89986999999999,43.02440868055274,379.7
123,80.769,591.0,1.0,0.0,48.942769999999996,43.059440762793876,379.3
124,28.1932,263.0,1.0,0.0,43.370140000000006,41.6115233929844,351.2
125,15.7261,198.0,1.0,0.0,43.45563,41.54729593121152,355.3
126,6.6657,127.0,1.0,0.0,30.431130000000003,26.789038037892766,274.7
127,15.3117,166.0,1.0,0.0,30.18266,26.930396743589018,272.3
128,111.6913,766.0,1.0,0.0,38.21758,37.303456971730874,321.2
129,54.7969,414.0,1.0,0.0,43.11654,35.75904023933278,350.9
130,39.2173,338.0,1.0,0.0,45.95335,33.99661512838038,370.5
131,31.7331,274.0,1.0,0.0,41.62748,32.61523328612634,343.6
132,18.2172,209.0,1.0,0.0,40.232150000000004,33.35485682050083,334.6
133,24.7709,215.0,1.0,0.0,34.632340000000006,30.359244583128564,297.0
134,22.4346,241.0,1.0,0.0,34.05648,30.54897665988537,294.8
135,30.0771,248.0,1.0,0.0,35.49158,29.922858762780876,299.8
136,22.9388,237.0,1.0,0.0,37.11889,28.594010325452953,310.8
137,114.279,792.0,1.0,0.0,47.01562,36.296974515815734,373.4
138,115.4788,778.0,1.0,0.0,47.39437,37.05860545982238,374.6
139,8.7123,140.0,1.0,0.0,42.78591,38.85755782485706,347.2
140,3.6795,109.0,1.0,0.0,39.23213,40.796883056158684,324.3
141,18.0269,183.0,1.0,0.0,37.861509999999996,41.30390261417193,315.2
142,28.9171,257.0,1.0,0.0,38.9315,40.8748307632514,320.0
143,21.0881,188.0,1.0,0.0,38.56322,41.032878604217416,317.3
144,31.531,272.0,1.0,0.0,39.47286,40.73535104749517,320.4
145,15.3947,145.0,1.0,0.0,38.00462,41.371272400995025,310.1
146,27.6791,246.0,1.0,0.0,38.47865,41.206296723902916,311.0
147,5.6978,121.0,1.0,0.0,27.620530000000002,32.37202731876359,243.9
148,48.1379,373.0,1.0,0.0,20.88644,13.662359311399184,203.4
149,106.6667,690.0,1.0,0.0,30.68188,29.684409358329628,258.4
150,40.5893,276.0,1.0,0.0,34.372859999999996,28.212039475617082,275.1
151,29.6945,211.0,1.0,0.0,35.53962,27.697484637811005,277.9
152,19.8774,191.0,1.0,0.0,34.635650000000005,28.082480983949544,271.3
153,10.3602,128.0,1.0,0.0,33.56286000000001,28.851890409438006,265.3
154,18.5436,186.0,1.0,0.0,32.264120000000005,29.243169538269935,256.7
155,18.6454,184.0,1.0,0.0,32.58919,29.052255946156723,260.6
156,5.322,104.0,1.0,0.0,30.35348,30.305314632358147,246.4
157,36.3531,250.0,1.0,0.0,33.41901,29.058995541195518,259.3
158,18.0346,156.0,1.0,0.0,30.408679999999997,28.9237320434583,237.6
159,67.8091,467.0,1.0,0.0,26.52292,18.14066938608136,215.3
160,91.6962,649.0,1.0,0.0,31.633609999999997,27.386648873876457,252.6
